"","location","year","date","total_vaccinations","people_vaccinated","people_fully_vaccinated","total_boosters","daily_vaccinations_raw","daily_vaccinations","total_vaccinations_per_hundred","people_vaccinated_per_hundred","people_fully_vaccinated_per_hundred","total_boosters_per_hundred","daily_vaccinations_per_million","daily_people_vaccinated","daily_people_vaccinated_per_hundred","Population","GDP total","GDP per capita growth (%)"
"1","World",2020,2020-12-01,0,1,NA,NA,NA,NA,0,0,NA,NA,NA,NA,NA,7794798729,125876667272255,-4.41
"2","World",2020,2020-12-02,0,1,NA,NA,0,0,0,0,NA,NA,0,0,0,7794798729,125876667272255,-4.41
"3","World",2020,2020-12-03,0,1,NA,NA,0,0,0,0,NA,NA,0,0,0,7794798729,125876667272255,-4.41
"4","World",2020,2020-12-04,1,2,NA,NA,1,0,0,0,NA,NA,0,0,0,7794798729,125876667272255,-4.41
"5","World",2020,2020-12-05,1,2,NA,NA,0,0,0,0,NA,NA,0,0,0,7794798729,125876667272255,-4.41
"6","World",2020,2020-12-06,1,2,NA,NA,0,0,0,0,NA,NA,0,0,0,7794798729,125876667272255,-4.41
"7","World",2020,2020-12-07,2,3,NA,NA,1,0,0,0,NA,NA,0,0,0,7794798729,125876667272255,-4.41
"8","World",2020,2020-12-08,7,9,NA,NA,5,1,0,0,NA,NA,0,1,0,7794798729,125876667272255,-4.41
"9","World",2020,2020-12-09,9,11,NA,NA,2,1,0,0,NA,NA,0,1,0,7794798729,125876667272255,-4.41
"10","World",2020,2020-12-10,10,12,NA,NA,1,1,0,0,NA,NA,0,2,0,7794798729,125876667272255,-4.41
"11","World",2020,2020-12-11,14,16,NA,NA,4,2,0,0,NA,NA,0,2,0,7794798729,125876667272255,-4.41
"12","World",2020,2020-12-12,14,16,NA,NA,0,2,0,0,NA,NA,0,2,0,7794798729,125876667272255,-4.41
"13","World",2020,2020-12-13,24004,20332,4306,NA,23990,3429,0,0,0,NA,0,2904,0,7794798729,125876667272255,-4.41
"14","World",2020,2020-12-14,28430,24619,4405,NA,4426,4061,0,0,0,NA,1,3517,0,7794798729,125876667272255,-4.41
"15","World",2020,2020-12-15,1608463,102429,4629,NA,1580033,229779,0.02,0,0,NA,29,14631,0,7794798729,125876667272255,-4.41
"16","World",2020,2020-12-16,1772137,260647,5046,NA,163674,253161,0.02,0,0,NA,32,37234,0,7794798729,125876667272255,-4.41
"17","World",2020,2020-12-17,2050026,531495,5664,NA,277889,292859,0.03,0.01,0,NA,37,75926,0.001,7794798729,125876667272255,-4.41
"18","World",2020,2020-12-18,2470778,943434,6706,NA,420752,352966,0.03,0.01,0,NA,45,134774,0.002,7794798729,125876667272255,-4.41
"19","World",2020,2020-12-19,2653873,1122534,7698,NA,183095,379123,0.03,0.01,0,NA,48,160360,0.002,7794798729,125876667272255,-4.41
"20","World",2020,2020-12-20,2766880,1233600,8389,NA,113007,391839,0.04,0.02,0,NA,50,173324,0.002,7794798729,125876667272255,-4.41
"21","World",2020,2020-12-21,3181487,1641696,9548,NA,414607,450437,0.04,0.02,0,NA,57,231011,0.003,7794798729,125876667272255,-4.41
"22","World",2020,2020-12-22,3705815,2157519,11963,NA,524328,299622,0.05,0.03,0,NA,38,293584,0.004,7794798729,125876667272255,-4.41
"23","World",2020,2020-12-23,4396918,2836477,14219,NA,691103,374969,0.06,0.04,0,NA,48,367976,0.005,7794798729,125876667272255,-4.41
"24","World",2020,2020-12-24,4693172,3127676,15211,NA,296254,377592,0.06,0.04,0,NA,48,370883,0.005,7794798729,125876667272255,-4.41
"25","World",2020,2020-12-25,4752599,3186963,15303,NA,59427,325974,0.06,0.04,0,NA,41,320504,0.004,7794798729,125876667272255,-4.41
"26","World",2020,2020-12-26,4932547,3363285,16015,NA,179948,325525,0.06,0.04,0,NA,41,320107,0.004,7794798729,125876667272255,-4.41
"27","World",2020,2020-12-27,5193411,3626885,16662,NA,260864,346647,0.07,0.05,0,NA,44,341898,0.004,7794798729,125876667272255,-4.41
"28","World",2020,2020-12-28,5973770,4392419,19926,NA,780359,398898,0.08,0.06,0,NA,51,392960,0.005,7794798729,125876667272255,-4.41
"29","World",2020,2020-12-29,6962372,5370364,24974,1,988602,465222,0.09,0.07,0,0,59,458978,0.006,7794798729,125876667272255,-4.41
"30","World",2020,2020-12-30,8124515,6525427,31054,1,1162143,532514,0.1,0.08,0,0,68,526993,0.007,7794798729,125876667272255,-4.41
"31","World",2020,2020-12-31,11850964,7216889,33869,1,3726449,1022542,0.15,0.09,0,0,130,584173,0.007,7794798729,125876667272255,-4.41
"32","World",2021,2021-01-01,12059860,7420539,39616,3,208896,1043894,0.15,0.09,0,0,133,604797,0.008,7874965732,133280188232825,4.8
"33","World",2021,2021-01-02,13243988,8603568,42422,3,1184128,1187349,0.17,0.11,0,0,151,748612,0.01,7874965732,133280188232825,4.8
"34","World",2021,2021-01-03,13609299,8966990,44777,5,365311,1202270,0.17,0.11,0,0,153,762872,0.01,7874965732,133280188232825,4.8
"35","World",2021,2021-01-04,14743885,10037537,89938,5,1134586,1252874,0.19,0.13,0,0,159,806445,0.01,7874965732,133280188232825,4.8
"36","World",2021,2021-01-05,16861845,11240633,177906,5,2117960,1414210,0.21,0.14,0,0,180,838610,0.011,7874965732,133280188232825,4.8
"37","World",2021,2021-01-06,18418064,12484481,352587,5,1556219,1470507,0.23,0.16,0,0,187,851293,0.011,7874965732,133280188232825,4.8
"38","World",2021,2021-01-07,20201687,13918062,634195,5,1783623,1192960,0.26,0.18,0.01,0,151,957310,0.012,7874965732,133280188232825,4.8
"39","World",2021,2021-01-08,22092243,15304317,997831,6,1890556,1433198,0.28,0.19,0.01,0,182,1126254,0.014,7874965732,133280188232825,4.8
"40","World",2021,2021-01-09,27554281,16009072,1127719,7,5462038,2044328,0.35,0.2,0.01,0,260,1057929,0.013,7874965732,133280188232825,4.8
"41","World",2021,2021-01-10,30759306,19513569,1843918,7,3205025,2450001,0.39,0.25,0.02,0,311,1506654,0.019,7874965732,133280188232825,4.8
"42","World",2021,2021-01-11,32624308,20912955,2205448,8,1865002,2554346,0.41,0.27,0.03,0,324,1553631,0.02,7874965732,133280188232825,4.8
"43","World",2021,2021-01-12,34803625,22590074,2572856,9,2179317,2563111,0.44,0.29,0.03,0,325,1621349,0.021,7874965732,133280188232825,4.8
"44","World",2021,2021-01-13,38610810,24865388,2919980,9,3807185,2884678,0.49,0.32,0.04,0,366,1768701,0.022,7874965732,133280188232825,4.8
"45","World",2021,2021-01-14,41516978,27143723,3137783,11,2906168,3045042,0.53,0.34,0.04,0,387,1889380,0.024,7874965732,133280188232825,4.8
"46","World",2021,2021-01-15,44381565,29338512,3306673,11,2864587,3184189,0.56,0.37,0.04,0,404,2004885,0.025,7874965732,133280188232825,4.8
"47","World",2021,2021-01-16,46239594,30792014,3409544,11,1858029,2669330,0.59,0.39,0.04,0,339,2111849,0.027,7874965732,133280188232825,4.8
"48","World",2021,2021-01-17,47413815,31693726,3567518,12,1174221,2379216,0.6,0.4,0.05,0,302,1740022,0.022,7874965732,133280188232825,4.8
"49","World",2021,2021-01-18,49842083,33497590,3963515,13,2428268,2459682,0.63,0.43,0.05,0,312,1797805,0.023,7874965732,133280188232825,4.8
"50","World",2021,2021-01-19,52853931,35690262,4544635,14,3011848,2578615,0.67,0.45,0.06,0,327,1871455,0.024,7874965732,133280188232825,4.8
"51","World",2021,2021-01-20,61223355,38339111,5242960,17,8369424,3230364,0.78,0.49,0.07,0,410,1924818,0.024,7874965732,133280188232825,4.8
"52","World",2021,2021-01-21,64801298,41140046,5839688,18,3577943,3326331,0.82,0.52,0.07,0,422,1999475,0.025,7874965732,133280188232825,4.8
"53","World",2021,2021-01-22,68721847,44462320,6226590,18,3920549,3477183,0.87,0.56,0.08,0,442,2160544,0.027,7874965732,133280188232825,4.8
"54","World",2021,2021-01-23,71227775,46436074,6541816,19,2505928,3569740,0.9,0.59,0.08,0,453,2234866,0.028,7874965732,133280188232825,4.8
"55","World",2021,2021-01-24,72710884,47498857,6882083,19,1483109,3613867,0.92,0.6,0.09,0,459,2257876,0.029,7874965732,133280188232825,4.8
"56","World",2021,2021-01-25,75944298,49718902,7742623,20,3233414,3728888,0.96,0.63,0.1,0,474,2317330,0.029,7874965732,133280188232825,4.8
"57","World",2021,2021-01-26,79471996,51987124,8739084,23,3527698,3802581,1.01,0.66,0.11,0,483,2328123,0.03,7874965732,133280188232825,4.8
"58","World",2021,2021-01-27,91358180,54823744,9773805,23,11886184,4304975,1.16,0.7,0.12,0,547,2354948,0.03,7874965732,133280188232825,4.8
"59","World",2021,2021-01-28,95972521,58019023,10816146,23,4614341,4453032,1.22,0.74,0.14,0,565,2411282,0.031,7874965732,133280188232825,4.8
"60","World",2021,2021-01-29,100529645,61253399,11705460,23,4557124,4543971,1.28,0.78,0.15,0,577,2398726,0.03,7874965732,133280188232825,4.8
"61","World",2021,2021-01-30,103600994,63520816,12284900,23,3071349,4624746,1.32,0.81,0.16,0,587,2440677,0.031,7874965732,133280188232825,4.8
"62","World",2021,2021-01-31,106665677,64607090,12750827,23,3064683,4850685,1.35,0.82,0.16,0,616,2444033,0.031,7874965732,133280188232825,4.8
"63","World",2021,2021-02-01,110075536,66660219,13749636,24,3409859,4875891,1.4,0.85,0.17,0,619,2420188,0.031,7874965732,133280188232825,4.8
"64","World",2021,2021-02-02,113875066,68975146,14923577,53,3799530,4914724,1.45,0.88,0.19,0,624,2426860,0.031,7874965732,133280188232825,4.8
"65","World",2021,2021-02-03,125847811,71970145,16362929,53,11972745,4927090,1.6,0.91,0.21,0,626,2449486,0.031,7874965732,133280188232825,4.8
"66","World",2021,2021-02-04,131250646,75391971,17945760,54,5402835,5039732,1.67,0.96,0.23,0,640,2481850,0.032,7874965732,133280188232825,4.8
"67","World",2021,2021-02-05,136582527,78987446,19372094,56,5331881,5150412,1.73,1,0.25,0,654,2533435,0.032,7874965732,133280188232825,4.8
"68","World",2021,2021-02-06,140060193,81404698,20121690,58,3477666,5208457,1.78,1.03,0.26,0,661,2554840,0.032,7874965732,133280188232825,4.8
"69","World",2021,2021-02-07,141671639,82337872,20678876,58,1611446,5000852,1.8,1.05,0.26,0,635,2532969,0.032,7874965732,133280188232825,4.8
"70","World",2021,2021-02-08,145472501,84733290,21828267,58,3800862,5056709,1.85,1.08,0.28,0,642,2581867,0.033,7874965732,133280188232825,4.8
"71","World",2021,2021-02-09,159493904,87698379,23288671,61,14021403,6516977,2.03,1.11,0.3,0,828,2674748,0.034,7874965732,133280188232825,4.8
"72","World",2021,2021-02-10,165073739,91218797,24960732,61,5579835,5603704,2.1,1.16,0.32,0,712,2749807,0.035,7874965732,133280188232825,4.8
"73","World",2021,2021-02-11,170728194,94752667,26777143,64,5654455,5639650,2.17,1.2,0.34,0,716,2765814,0.035,7874965732,133280188232825,4.8
"74","World",2021,2021-02-12,177051022,101415648,28886649,66,6322828,5781214,2.25,1.29,0.37,0,734,3204029,0.041,7874965732,133280188232825,4.8
"75","World",2021,2021-02-13,181229677,104072365,30006418,66,4178655,5881355,2.3,1.32,0.38,0,747,3238238,0.041,7874965732,133280188232825,4.8
"76","World",2021,2021-02-14,183325084,105429343,30690346,66,2095407,5950492,2.33,1.34,0.39,0,756,3298782,0.042,7874965732,133280188232825,4.8
"77","World",2021,2021-02-15,187851705,108338760,31956789,66,4526621,6054172,2.39,1.38,0.41,0,769,3372210,0.043,7874965732,133280188232825,4.8
"78","World",2021,2021-02-16,192845935,111255768,33696351,83,4994230,4764576,2.45,1.41,0.43,0,605,3365341,0.043,7874965732,133280188232825,4.8
"79","World",2021,2021-02-17,198660893,114869737,35660393,84,5814958,4798165,2.52,1.46,0.45,0,609,3378706,0.043,7874965732,133280188232825,4.8
"80","World",2021,2021-02-18,205238485,118726006,37741042,85,6577592,4930042,2.61,1.51,0.48,0,626,3424763,0.043,7874965732,133280188232825,4.8
"81","World",2021,2021-02-19,210792685,124220316,40154261,87,5554200,4820238,2.68,1.58,0.51,0,612,3257810,0.041,7874965732,133280188232825,4.8
"82","World",2021,2021-02-20,215050128,127009052,41511357,91,4257443,4831493,2.73,1.61,0.53,0,614,3276670,0.042,7874965732,133280188232825,4.8
"83","World",2021,2021-02-21,217164256,128341912,42284581,95,2114128,4834167,2.76,1.63,0.54,0,614,3273224,0.042,7874965732,133280188232825,4.8
"84","World",2021,2021-02-22,221408382,130924643,43815133,99,4244126,4793811,2.81,1.66,0.56,0,609,3226555,0.041,7874965732,133280188232825,4.8
"85","World",2021,2021-02-23,227477982,136811349,47940754,102,6069600,4947435,2.89,1.74,0.61,0,628,3650797,0.046,7874965732,133280188232825,4.8
"86","World",2021,2021-02-24,234029748,140999568,50118815,106,6551766,5052694,2.97,1.79,0.64,0,642,3732833,0.047,7874965732,133280188232825,4.8
"87","World",2021,2021-02-25,241332608,145534661,52653203,110,7302860,5156303,3.06,1.85,0.67,0,655,3829808,0.049,7874965732,133280188232825,4.8
"88","World",2021,2021-02-26,248546600,149992076,55245623,114,7213992,5393416,3.16,1.9,0.7,0,685,3681680,0.047,7874965732,133280188232825,4.8
"89","World",2021,2021-02-27,253943192,153422340,56922476,117,5396592,5556152,3.22,1.95,0.72,0,706,3773327,0.048,7874965732,133280188232825,4.8
"90","World",2021,2021-02-28,268599627,155441060,57510752,133,14656435,7347910,3.41,1.97,0.73,0,933,3871307,0.049,7874965732,133280188232825,4.8
"91","World",2021,2021-03-01,274302365,159307567,59151416,137,5702738,7556283,3.48,2.02,0.75,0,960,4054703,0.051,7874965732,133280188232825,4.8
"92","World",2021,2021-03-02,285605352,167405876,62104338,144,11302987,8303910,3.63,2.13,0.79,0,1054,4370647,0.056,7874965732,133280188232825,4.8
"93","World",2021,2021-03-03,293829990,172971569,64621337,145,8224638,8542892,3.73,2.2,0.82,0,1085,4567429,0.058,7874965732,133280188232825,4.8
"94","World",2021,2021-03-04,303415694,179461309,67442387,151,9585704,8869012,3.85,2.28,0.86,0,1126,4846664,0.062,7874965732,133280188232825,4.8
"95","World",2021,2021-03-05,312374446,185702548,70136340,157,8958752,9118264,3.97,2.36,0.89,0,1158,5101496,0.065,7874965732,133280188232825,4.8
"96","World",2021,2021-03-06,319478907,190641934,72186276,160,7104461,9362245,4.06,2.42,0.92,0,1189,5317085,0.068,7874965732,133280188232825,4.8
"97","World",2021,2021-03-07,323372691,193569619,72925430,160,3893784,7824723,4.11,2.46,0.93,0,994,5446937,0.069,7874965732,133280188232825,4.8
"98","World",2021,2021-03-08,331116298,199295652,74950339,164,7743607,8116276,4.2,2.53,0.95,0,1031,5712584,0.073,7874965732,133280188232825,4.8
"99","World",2021,2021-03-09,339564430,205294667,77354956,184,8448132,7708440,4.31,2.61,0.98,0,979,5412684,0.069,7874965732,133280188232825,4.8
"100","World",2021,2021-03-10,349645037,212251416,80487689,192,10080607,7973578,4.44,2.7,1.02,0,1013,5611407,0.071,7874965732,133280188232825,4.8
"101","World",2021,2021-03-11,358900011,218184633,83450125,194,9254974,7926331,4.56,2.77,1.06,0,1007,5531903,0.07,7874965732,133280188232825,4.8
"102","World",2021,2021-03-12,369157667,225269520,86875238,194,10257656,8111889,4.69,2.86,1.1,0,1030,5652425,0.072,7874965732,133280188232825,4.8
"103","World",2021,2021-03-13,377085114,231466710,89309912,198,7927447,8229458,4.79,2.94,1.13,0,1045,5832111,0.074,7874965732,133280188232825,4.8
"104","World",2021,2021-03-14,393360550,234314544,90196251,201,16275436,9998266,5,2.98,1.15,0,1270,5820704,0.074,7874965732,133280188232825,4.8
"105","World",2021,2021-03-15,403494157,241476361,93119843,204,10133607,10339694,5.12,3.07,1.18,0,1313,6025816,0.077,7874965732,133280188232825,4.8
"106","World",2021,2021-03-16,413476541,248075803,96187683,208,9982384,10558873,5.25,3.15,1.22,0,1341,6111591,0.078,7874965732,133280188232825,4.8
"107","World",2021,2021-03-17,424386666,255086448,100011720,213,10910125,10677376,5.39,3.24,1.27,0,1356,6119290,0.078,7874965732,133280188232825,4.8
"108","World",2021,2021-03-18,435030240,262456727,103116959,218,10643574,10875747,5.52,3.33,1.31,0,1381,6324585,0.08,7874965732,133280188232825,4.8
"109","World",2021,2021-03-19,448309784,271685865,106679243,221,13279544,11307445,5.69,3.45,1.35,0,1436,6630906,0.084,7874965732,133280188232825,4.8
"110","World",2021,2021-03-20,467257356,278737849,108808658,223,18947572,12881749,5.93,3.54,1.38,0,1636,6753020,0.086,7874965732,133280188232825,4.8
"111","World",2021,2021-03-21,471182843,281459037,109655855,224,3925487,11117470,5.98,3.57,1.39,0,1412,6734928,0.086,7874965732,133280188232825,4.8
"112","World",2021,2021-03-22,487547686,289442972,112311993,232,16364843,12007647,6.19,3.68,1.43,0,1525,6852373,0.087,7874965732,133280188232825,4.8
"113","World",2021,2021-03-23,501200435,297280923,115385764,238,13652749,12531985,6.36,3.78,1.47,0,1591,7029303,0.089,7874965732,133280188232825,4.8
"114","World",2021,2021-03-24,516380599,305923694,118833364,243,15180164,13141990,6.56,3.88,1.51,0,1669,7262464,0.092,7874965732,133280188232825,4.8
"115","World",2021,2021-03-25,533778495,314038732,122411331,249,17397896,14106894,6.78,3.99,1.55,0,1791,7368858,0.094,7874965732,133280188232825,4.8
"116","World",2021,2021-03-26,553078616,323200818,126319742,256,19300121,14966976,7.02,4.1,1.6,0,1901,7359279,0.093,7874965732,133280188232825,4.8
"117","World",2021,2021-03-27,567184123,329644185,128608186,258,14105507,14275252,7.2,4.19,1.63,0,1813,7272334,0.092,7874965732,133280188232825,4.8
"118","World",2021,2021-03-28,576218340,332907181,129779629,262,9034217,15005071,7.32,4.23,1.65,0,1905,7349735,0.093,7874965732,133280188232825,4.8
"119","World",2021,2021-03-29,592385111,340353772,134048111,270,16166771,14976775,7.52,4.32,1.7,0,1902,7272971,0.092,7874965732,133280188232825,4.8
"120","World",2021,2021-03-30,607878113,348027074,137603523,283,15493002,15239668,7.72,4.42,1.75,0,1935,7249450,0.092,7874965732,133280188232825,4.8
"121","World",2021,2021-03-31,628260567,359070831,142103077,292,20382454,15982853,7.98,4.56,1.8,0,2030,7592448,0.096,7874965732,133280188232825,4.8
"122","World",2021,2021-04-01,650536006,369513811,147072000,305,22275439,16679644,8.26,4.69,1.87,0,2118,7925011,0.101,7874965732,133280188232825,4.8
"123","World",2021,2021-04-02,670351054,378677367,150457457,315,19815048,16753205,8.51,4.81,1.91,0,2127,7925221,0.101,7874965732,133280188232825,4.8
"124","World",2021,2021-04-03,682940512,385780274,153049591,324,12589458,16536627,8.67,4.9,1.94,0,2100,8019441,0.102,7874965732,133280188232825,4.8
"125","World",2021,2021-04-04,692972149,391182063,154262633,326,10031637,16679116,8.8,4.97,1.96,0,2118,8324983,0.106,7874965732,133280188232825,4.8
"126","World",2021,2021-04-05,707198195,399386551,157449975,340,14226046,16401869,8.98,5.07,2,0,2083,8433254,0.107,7874965732,133280188232825,4.8
"127","World",2021,2021-04-06,725861607,410267759,162162225,370,18663412,16854785,9.22,5.21,2.06,0,2140,8891526,0.113,7874965732,133280188232825,4.8
"128","World",2021,2021-04-07,744784460,421163239,167278604,396,18922853,16646270,9.46,5.35,2.12,0,2114,8870344,0.113,7874965732,133280188232825,4.8
"129","World",2021,2021-04-08,769172256,434155160,172938343,416,24387796,16948036,9.77,5.51,2.2,0,2152,9234478,0.117,7874965732,133280188232825,4.8
"130","World",2021,2021-04-09,790499421,444633828,178195076,484,21327165,17164052,10.04,5.65,2.26,0,2180,9422352,0.12,7874965732,133280188232825,4.8
"131","World",2021,2021-04-10,807495480,454301543,182477755,501,16996059,17793567,10.25,5.77,2.32,0,2260,9788753,0.124,7874965732,133280188232825,4.8
"132","World",2021,2021-04-11,818468692,460389631,184546044,507,10973212,17928078,10.39,5.85,2.34,0,2277,9886795,0.126,7874965732,133280188232825,4.8
"133","World",2021,2021-04-12,837172944,470204711,188970481,558,18704252,18567821,10.63,5.97,2.4,0,2358,10116880,0.128,7874965732,133280188232825,4.8
"134","World",2021,2021-04-13,854601052,479451014,193376621,659,17428108,18391349,10.85,6.09,2.46,0,2335,9883322,0.126,7874965732,133280188232825,4.8
"135","World",2021,2021-04-14,873925995,489793288,198721479,868,19324943,18448791,11.1,6.22,2.52,0,2343,9804293,0.124,7874965732,133280188232825,4.8
"136","World",2021,2021-04-15,893206165,499068407,204162820,1186,19280170,17719130,11.34,6.34,2.59,0,2250,9273321,0.118,7874965732,133280188232825,4.8
"137","World",2021,2021-04-16,910867778,507531046,209314716,1522,17661613,17195480,11.57,6.44,2.66,0,2184,8985317,0.114,7874965732,133280188232825,4.8
"138","World",2021,2021-04-17,924585895,514815847,213065985,1620,13718117,16727202,11.74,6.54,2.71,0,2124,8644901,0.11,7874965732,133280188232825,4.8
"139","World",2021,2021-04-18,935229780,520149257,215866555,1662,10643885,16680155,11.88,6.61,2.74,0,2118,8537089,0.108,7874965732,133280188232825,4.8
"140","World",2021,2021-04-19,951069337,528004018,220650337,2096,15839557,16270913,12.08,6.7,2.8,0,2066,8257044,0.105,7874965732,133280188232825,4.8
"141","World",2021,2021-04-20,965787994,535606148,226971644,2635,14718657,15883849,12.26,6.8,2.88,0,2017,8022162,0.102,7874965732,133280188232825,4.8
"142","World",2021,2021-04-21,985088072,544037543,232255661,3428,19300078,15880297,12.51,6.91,2.95,0,2017,7749179,0.098,7874965732,133280188232825,4.8
"143","World",2021,2021-04-22,1007489079,552753044,238758512,4199,22401007,16326131,12.79,7.02,3.03,0,2073,7669234,0.097,7874965732,133280188232825,4.8
"144","World",2021,2021-04-23,1025746233,560338093,244218631,4955,18257154,16411208,13.03,7.12,3.1,0,2084,7543864,0.096,7874965732,133280188232825,4.8
"145","World",2021,2021-04-24,1038181983,565201938,247610292,5178,12435750,16228013,13.18,7.18,3.14,0,2061,7198013,0.091,7874965732,133280188232825,4.8
"146","World",2021,2021-04-25,1055265431,573095909,251877702,5226,17083448,17147950,13.4,7.28,3.2,0,2178,7563807,0.096,7874965732,133280188232825,4.8
"147","World",2021,2021-04-26,1072426777,580061431,257253404,5747,17161346,17336777,13.62,7.37,3.27,0,2202,7436773,0.094,7874965732,133280188232825,4.8
"148","World",2021,2021-04-27,1093440591,587931231,263645843,6616,21013814,18236085,13.89,7.47,3.35,0,2316,7475012,0.095,7874965732,133280188232825,4.8
"149","World",2021,2021-04-28,1119449530,598466456,270912266,7966,26008939,19194494,14.22,7.6,3.44,0,2437,7775559,0.099,7874965732,133280188232825,4.8
"150","World",2021,2021-04-29,1144244372,607512643,278485348,9163,24794842,19536470,14.53,7.71,3.54,0,2481,7822800,0.099,7874965732,133280188232825,4.8
"151","World",2021,2021-04-30,1169755046,615106181,284659995,10221,25510674,20572688,14.85,7.81,3.61,0,2612,7824013,0.099,7874965732,133280188232825,4.8
"152","World",2021,2021-05-01,1183870104,620140994,288323892,10411,14115058,20812589,15.03,7.87,3.66,0,2643,7848437,0.1,7874965732,133280188232825,4.8
"153","World",2021,2021-05-02,1194788006,623527211,290875307,10493,10917902,19931796,15.17,7.92,3.69,0,2531,7204472,0.091,7874965732,133280188232825,4.8
"154","World",2021,2021-05-03,1209241758,628783164,295218866,11269,14453752,19544997,15.36,7.98,3.75,0,2482,6960248,0.088,7874965732,133280188232825,4.8
"155","World",2021,2021-05-04,1229053030,636136930,302076492,12497,19811272,19373206,15.61,8.08,3.84,0,2460,6886528,0.087,7874965732,133280188232825,4.8
"156","World",2021,2021-05-05,1249377905,644176245,309448479,13723,20324875,18561196,15.87,8.18,3.93,0,2357,6529970,0.083,7874965732,133280188232825,4.8
"157","World",2021,2021-05-06,1273861250,652964262,316836569,15284,24483345,18516697,16.18,8.29,4.02,0,2351,6493088,0.082,7874965732,133280188232825,4.8
"158","World",2021,2021-05-07,1300764128,661822028,324332692,16418,26902878,18715583,16.52,8.4,4.12,0,2377,6673692,0.085,7874965732,133280188232825,4.8
"159","World",2021,2021-05-08,1320611715,667376240,329195900,16706,19847587,19534516,16.77,8.47,4.18,0,2481,6747892,0.086,7874965732,133280188232825,4.8
"160","World",2021,2021-05-09,1334462227,671693837,331867243,16930,13850512,19953460,16.95,8.53,4.21,0,2534,6880947,0.087,7874965732,133280188232825,4.8
"161","World",2021,2021-05-10,1357578707,679842307,337734040,18035,23116480,21190993,17.24,8.63,4.29,0,2691,7294163,0.093,7874965732,133280188232825,4.8
"162","World",2021,2021-05-11,1382762975,689225293,345313923,19474,25184268,21958564,17.56,8.75,4.38,0,2788,7584052,0.096,7874965732,133280188232825,4.8
"163","World",2021,2021-05-12,1409603869,698098832,351867511,20890,26840894,22889423,17.9,8.86,4.47,0,2907,7703227,0.098,7874965732,133280188232825,4.8
"164","World",2021,2021-05-13,1436416104,705975261,358102895,21290,26812235,23222122,18.24,8.96,4.55,0,2949,7573000,0.096,7874965732,133280188232825,4.8
"165","World",2021,2021-05-14,1462166903,713118483,363227843,22324,25750799,23057539,18.57,9.06,4.61,0,2928,7328065,0.093,7874965732,133280188232825,4.8
"166","World",2021,2021-05-15,1485858429,720093873,367538694,22727,23691526,23606673,18.87,9.14,4.67,0,2998,7531090,0.096,7874965732,133280188232825,4.8
"167","World",2021,2021-05-16,1508039992,725422552,370538308,22883,22181563,24796824,19.15,9.21,4.71,0,3149,7675531,0.097,7874965732,133280188232825,4.8
"168","World",2021,2021-05-17,1535346652,733092757,375169711,24253,27306660,25395421,19.5,9.31,4.76,0,3225,7607207,0.097,7874965732,133280188232825,4.8
"169","World",2021,2021-05-18,1563998837,742210324,380935016,26049,28652185,25890837,19.86,9.42,4.84,0,3288,7569290,0.096,7874965732,133280188232825,4.8
"170","World",2021,2021-05-19,1591878618,750778574,386431854,28329,27879781,26039250,20.21,9.53,4.91,0,3307,7525677,0.096,7874965732,133280188232825,4.8
"171","World",2021,2021-05-20,1626235679,761251518,392818824,30442,34357061,27117082,20.65,9.67,4.99,0,3443,7896608,0.1,7874965732,133280188232825,4.8
"172","World",2021,2021-05-21,1656795708,769466310,398786266,32248,30560029,27804115,21.04,9.77,5.06,0,3531,8049690,0.102,7874965732,133280188232825,4.8
"173","World",2021,2021-05-22,1684496488,778353701,403808014,32870,27700780,28376866,21.39,9.88,5.13,0,3603,8322833,0.106,7874965732,133280188232825,4.8
"174","World",2021,2021-05-23,1706934150,784066071,406850441,33103,22437662,28413451,21.68,9.96,5.17,0,3608,8377646,0.106,7874965732,133280188232825,4.8
"175","World",2021,2021-05-24,1736934179,793570030,411105819,33673,30000029,28798218,22.06,10.08,5.22,0,3657,8639610,0.11,7874965732,133280188232825,4.8
"176","World",2021,2021-05-25,1770255812,802134099,416095031,35764,33321633,29465282,22.48,10.19,5.28,0,3742,8560539,0.109,7874965732,133280188232825,4.8
"177","World",2021,2021-05-26,1806040183,812335856,421401430,37820,35784371,30594509,22.93,10.32,5.35,0,3885,8793897,0.112,7874965732,133280188232825,4.8
"178","World",2021,2021-05-27,1839067971,822166211,426764821,39822,33027788,30404613,23.35,10.44,5.42,0,3861,8702099,0.111,7874965732,133280188232825,4.8
"179","World",2021,2021-05-28,1872393569,831827287,431959255,41595,33325598,30799694,23.78,10.56,5.49,0,3911,8908711,0.113,7874965732,133280188232825,4.8
"180","World",2021,2021-05-29,1904364686,841740049,436140098,42152,31971117,31409743,24.18,10.69,5.54,0,3989,9055193,0.115,7874965732,133280188232825,4.8
"181","World",2021,2021-05-30,1932598738,848495524,439620824,42314,28234052,32237798,24.54,10.77,5.58,0,4094,9204208,0.117,7874965732,133280188232825,4.8
"182","World",2021,2021-05-31,1970010269,857056024,444612709,43661,37411531,33296584,25.02,10.88,5.65,0,4228,9069428,0.115,7874965732,133280188232825,4.8
"183","World",2021,2021-06-01,2008894424,868240309,451130972,45590,38884155,34091230,25.51,11.03,5.73,0,4329,9443744,0.12,7874965732,133280188232825,4.8
"184","World",2021,2021-06-02,2049574730,880081273,457384453,47445,40680306,34790650,26.03,11.18,5.81,0,4418,9677917,0.123,7874965732,133280188232825,4.8
"185","World",2021,2021-06-03,2084598390,890786000,462965538,49109,35023660,35075774,26.47,11.31,5.88,0,4454,9802827,0.124,7874965732,133280188232825,4.8
"186","World",2021,2021-06-04,2123983096,903691454,468642830,50700,39384706,35941361,26.97,11.48,5.95,0,4564,10266310,0.13,7874965732,133280188232825,4.8
"187","World",2021,2021-06-05,2156360827,912500948,473949663,51324,32377731,35999449,27.38,11.59,6.02,0,4571,10108700,0.128,7874965732,133280188232825,4.8
"188","World",2021,2021-06-06,2182410453,920077973,477753529,51541,26049626,35687388,27.71,11.68,6.07,0,4532,10226064,0.13,7874965732,133280188232825,4.8
"189","World",2021,2021-06-07,2214122431,930540507,483088660,52890,31711978,34873166,28.12,11.82,6.13,0,4428,10497783,0.133,7874965732,133280188232825,4.8
"190","World",2021,2021-06-08,2249272569,944311570,490104424,54555,35150138,34339735,28.56,11.99,6.22,0,4361,10867323,0.138,7874965732,133280188232825,4.8
"191","World",2021,2021-06-09,2286376213,958101723,497437638,56204,37103644,33828783,29.03,12.17,6.32,0,4296,11145779,0.142,7874965732,133280188232825,4.8
"192","World",2021,2021-06-10,2325563496,1592109496,504365932,57812,39187283,34423587,29.53,20.22,6.4,0,4371,100189071,1.272,7874965732,133280188232825,4.8
"193","World",2021,2021-06-11,2362452885,1604368904,511011981,59184,36889389,34067113,30,20.37,6.49,0,4326,100096779,1.271,7874965732,133280188232825,4.8
"194","World",2021,2021-06-12,2393461565,1615223212,516580431,59680,31008680,33871534,30.39,20.51,6.56,0,4301,100388895,1.275,7874965732,133280188232825,4.8
"195","World",2021,2021-06-13,2420579631,1623729084,520932617,59893,27118066,34024168,30.74,20.62,6.62,0,4321,100521587,1.276,7874965732,133280188232825,4.8
"196","World",2021,2021-06-14,2449243089,1634651865,527415341,61225,28663458,33588665,31.1,20.76,6.7,0,4265,100587337,1.277,7874965732,133280188232825,4.8
"197","World",2021,2021-06-15,2488747231,1647461216,535078601,62659,39504142,34210666,31.6,20.92,6.79,0,4344,100449949,1.276,7874965732,133280188232825,4.8
"198","World",2021,2021-06-16,2530168898,1659969374,542591176,64007,41421667,34827526,32.13,21.08,6.89,0,4423,100266807,1.273,7874965732,133280188232825,4.8
"199","World",2021,2021-06-17,2575536671,1675529065,550482815,65346,45367773,35710454,32.71,21.28,6.99,0,4535,11917081,0.151,7874965732,133280188232825,4.8
"200","World",2021,2021-06-18,2618952168,1688171096,557227065,66609,43415497,36642755,33.26,21.44,7.08,0,4653,11971742,0.152,7874965732,133280188232825,4.8
"201","World",2021,2021-06-19,2656665662,1699238046,563262229,67086,37713494,37600585,33.74,21.58,7.15,0,4775,12002119,0.152,7874965732,133280188232825,4.8
"202","World",2021,2021-06-20,2689883663,1709024906,567999985,67219,33218001,38472005,34.16,21.7,7.21,0,4885,12185117,0.155,7874965732,133280188232825,4.8
"203","World",2021,2021-06-21,2733317635,1726406977,574637710,68135,43433972,40582078,34.71,21.92,7.3,0,5153,13107873,0.166,7874965732,133280188232825,4.8
"204","World",2021,2021-06-22,2776972229,1740550706,582339943,69331,43654594,41175000,35.26,22.1,7.39,0,5229,13298499,0.169,7874965732,133280188232825,4.8
"205","World",2021,2021-06-23,2820322886,1752136845,589716553,70496,43350657,41450570,35.81,22.25,7.49,0,5264,13166782,0.167,7874965732,133280188232825,4.8
"206","World",2021,2021-06-24,2868725043,1767586935,598112768,71795,48402157,41884053,36.43,22.45,7.6,0,5319,13151124,0.167,7874965732,133280188232825,4.8
"207","World",2021,2021-06-25,2914063083,1781958178,605193021,73109,45338040,42158702,37,22.63,7.69,0,5354,13398155,0.17,7874965732,133280188232825,4.8
"208","World",2021,2021-06-26,2956085052,1795643188,612080355,73671,42021969,42774199,37.54,22.8,7.77,0,5432,13772163,0.175,7874965732,133280188232825,4.8
"209","World",2021,2021-06-27,2990997840,1820560083,618972780,73871,34912788,43016311,37.98,23.12,7.86,0,5462,15933597,0.202,7874965732,133280188232825,4.8
"210","World",2021,2021-06-28,3029431868,1830973159,626262634,74909,38434028,42302033,38.47,23.25,7.95,0,5372,14938026,0.19,7874965732,133280188232825,4.8
"211","World",2021,2021-06-29,3071343194,1844880115,635618466,77077,41911326,42052995,39,23.43,8.07,0,5340,14904201,0.189,7874965732,133280188232825,4.8
"212","World",2021,2021-06-30,3108985591,1855376089,643645953,378038,37642397,41237529,39.48,23.56,8.17,0,5237,14748463,0.187,7874965732,133280188232825,4.8
"213","World",2021,2021-07-01,3153082646,1872568384,651850992,641014,44097055,40622515,40.04,23.78,8.28,0.01,5158,14997350,0.19,7874965732,133280188232825,4.8
"214","World",2021,2021-07-02,3187538859,1881288335,658367438,992459,34456213,39067968,40.48,23.89,8.36,0.01,4961,14190022,0.18,7874965732,133280188232825,4.8
"215","World",2021,2021-07-03,3221738677,1894716264,667226158,1115353,34199818,37950518,40.91,24.06,8.47,0.01,4819,14153297,0.18,7874965732,133280188232825,4.8
"216","World",2021,2021-07-04,3246553060,1904256702,672795943,1455889,24814383,36507889,41.23,24.18,8.54,0.02,4636,11956660,0.152,7874965732,133280188232825,4.8
"217","World",2021,2021-07-05,3279619909,1918204354,683588134,1872167,33066849,35741149,41.65,24.36,8.68,0.02,4539,12461599,0.158,7874965732,133280188232825,4.8
"218","World",2021,2021-07-06,3312333363,1929678461,691658772,2243157,32713454,34427167,42.06,24.5,8.78,0.03,4372,12114049,0.154,7874965732,133280188232825,4.8
"219","World",2021,2021-07-07,3345352765,1942631720,701301451,2562881,33019402,33766739,42.48,24.67,8.91,0.03,4288,12465090,0.158,7874965732,133280188232825,4.8
"220","World",2021,2021-07-08,3384603822,1958790460,712961092,2837081,39251057,33074454,42.98,24.87,9.05,0.04,4200,12317439,0.156,7874965732,133280188232825,4.8
"221","World",2021,2021-07-09,3411446651,1967663499,719846536,2992316,26842829,31986827,43.32,24.99,9.14,0.04,4062,12339309,0.157,7874965732,133280188232825,4.8
"222","World",2021,2021-07-10,3440291996,1979611924,728102290,3046756,28845345,31221903,43.69,25.14,9.25,0.04,3965,12127951,0.154,7874965732,133280188232825,4.8
"223","World",2021,2021-07-11,3461500919,1986722799,734227386,3178344,21208923,30706837,43.96,25.23,9.32,0.04,3899,11780871,0.15,7874965732,133280188232825,4.8
"224","World",2021,2021-07-12,3491667274,1997837802,744639439,3393009,30166355,30292481,44.34,25.37,9.46,0.04,3847,11376207,0.144,7874965732,133280188232825,4.8
"225","World",2021,2021-07-13,3525949551,2012035271,754162391,3579940,34282277,30516598,44.77,25.55,9.58,0.05,3875,11765259,0.149,7874965732,133280188232825,4.8
"226","World",2021,2021-07-14,3562770657,2026198573,764413071,3699913,36821106,31059699,45.24,25.73,9.71,0.05,3944,11938122,0.152,7874965732,133280188232825,4.8
"227","World",2021,2021-07-15,3598200242,2040056745,775001325,5688054,35429585,30513774,45.69,25.91,9.84,0.07,3875,11609469,0.147,7874965732,133280188232825,4.8
"228","World",2021,2021-07-16,3631214307,2052529249,784314915,5744764,33014065,31395379,46.11,26.06,9.96,0.07,3987,12123679,0.154,7874965732,133280188232825,4.8
"229","World",2021,2021-07-17,3659265385,2062282128,792945287,5786874,28051078,31281913,46.47,26.19,10.07,0.07,3972,11810029,0.15,7874965732,133280188232825,4.8
"230","World",2021,2021-07-18,3679110602,2068067502,798044658,5884405,19845217,31087098,46.72,26.26,10.13,0.07,3948,11620672,0.148,7874965732,133280188232825,4.8
"231","World",2021,2021-07-19,3712469986,2081457568,807732237,5943405,33359384,31543245,47.14,26.43,10.26,0.08,4006,11945681,0.152,7874965732,133280188232825,4.8
"232","World",2021,2021-07-20,3745797656,2094151586,816317345,5996168,33327670,31406872,47.57,26.59,10.37,0.08,3988,11730902,0.149,7874965732,133280188232825,4.8
"233","World",2021,2021-07-21,3778087870,2103376333,825054538,6047329,32290214,30759602,47.98,26.71,10.48,0.08,3906,11025394,0.14,7874965732,133280188232825,4.8
"234","World",2021,2021-07-22,3817367824,2116624909,835537434,6103536,39279954,31309655,48.47,26.88,10.61,0.08,3976,10938309,0.139,7874965732,133280188232825,4.8
"235","World",2021,2021-07-23,3855401926,2128425331,844758153,6137568,38034102,32026803,48.96,27.03,10.73,0.08,4067,10842297,0.138,7874965732,133280188232825,4.8
"236","World",2021,2021-07-24,3886125030,2137530827,852632037,6176744,30723104,32408521,49.35,27.14,10.83,0.08,4115,10749814,0.137,7874965732,133280188232825,4.8
"237","World",2021,2021-07-25,3913170864,2145548781,860181050,6343106,27045834,33437180,49.69,27.25,10.92,0.08,4246,11068754,0.141,7874965732,133280188232825,4.8
"238","World",2021,2021-07-26,3954152940,2162186704,871706973,6562984,40982076,34526136,50.21,27.46,11.07,0.08,4384,11532734,0.146,7874965732,133280188232825,4.8
"239","World",2021,2021-07-27,3994728186,2175097480,882235095,6785591,40575246,35561504,50.73,27.62,11.2,0.09,4516,11563699,0.147,7874965732,133280188232825,4.8
"240","World",2021,2021-07-28,4037074799,2189295855,892294010,7010010,42346613,36998133,51.26,27.8,11.33,0.09,4698,12274217,0.156,7874965732,133280188232825,4.8
"241","World",2021,2021-07-29,4082973690,2204828510,904442541,7233491,45898891,37943695,51.85,28,11.49,0.09,4818,12600514,0.16,7874965732,133280188232825,4.8
"242","World",2021,2021-07-30,4125849638,2219394973,914138731,7378809,42875948,38635387,52.39,28.18,11.61,0.09,4906,12995663,0.165,7874965732,133280188232825,4.8
"243","World",2021,2021-07-31,4158331953,2229364664,921300156,7429185,32482315,38886703,52.8,28.31,11.7,0.09,4938,13119120,0.167,7874965732,133280188232825,4.8
"244","World",2021,2021-08-01,4197562263,2244447929,928335684,7516133,39230310,40627343,53.3,28.5,11.79,0.1,5159,14128450,0.179,7874965732,133280188232825,4.8
"245","World",2021,2021-08-02,4236229789,2255838074,936342007,7698917,38667526,40296693,53.79,28.65,11.89,0.1,5117,13378767,0.17,7874965732,133280188232825,4.8
"246","World",2021,2021-08-03,4291288324,2278868479,948705031,7923699,55058535,42365734,54.49,28.94,12.05,0.1,5380,14824428,0.188,7874965732,133280188232825,4.8
"247","World",2021,2021-08-04,4336719946,2296275975,958671385,8023842,45431622,42806450,55.07,29.16,12.17,0.1,5436,15282874,0.194,7874965732,133280188232825,4.8
"248","World",2021,2021-08-05,4377537010,2311503742,968322204,8354598,40817064,42080474,55.59,29.35,12.3,0.11,5344,15239319,0.194,7874965732,133280188232825,4.8
"249","World",2021,2021-08-06,4415345463,2324472884,976334245,8541866,37808453,41356546,56.07,29.52,12.4,0.11,5252,15011130,0.191,7874965732,133280188232825,4.8
"250","World",2021,2021-08-07,4446560601,2335405314,984336955,8695696,31215138,41175521,56.46,29.66,12.5,0.11,5229,15148664,0.192,7874965732,133280188232825,4.8
"251","World",2021,2021-08-08,4476923044,2347077760,990846059,8871422,30362443,39908683,56.85,29.8,12.58,0.11,5068,14661404,0.186,7874965732,133280188232825,4.8
"252","World",2021,2021-08-09,4520393773,2367151680,1007182233,9141261,43470729,40594855,57.4,30.06,12.79,0.12,5155,15901944,0.202,7874965732,133280188232825,4.8
"253","World",2021,2021-08-10,4560212148,2382157510,1018946254,9575412,39818375,38417689,57.91,30.25,12.94,0.12,4878,14755576,0.187,7874965732,133280188232825,4.8
"254","World",2021,2021-08-11,4598052171,2397165838,1029459116,10030533,37840023,37333175,58.39,30.44,13.07,0.13,4741,14412838,0.183,7874965732,133280188232825,4.8
"255","World",2021,2021-08-12,4632872761,2408515785,1817675170,10504808,34820590,36476536,58.83,30.58,23.08,0.13,4632,13858863,0.176,7874965732,133280188232825,4.8
"256","World",2021,2021-08-13,4674840212,2427891602,1828632410,10833082,41967451,37070678,59.36,30.83,23.22,0.14,4707,14774103,0.188,7874965732,133280188232825,4.8
"257","World",2021,2021-08-14,4705053311,2439380169,1837779255,11062427,30213099,36927530,59.75,30.98,23.34,0.14,4689,14853551,0.189,7874965732,133280188232825,4.8
"258","World",2021,2021-08-15,4730774757,2450590816,1845242289,11302655,25721446,36264530,60.07,31.12,23.43,0.14,4605,14787579,0.188,7874965732,133280188232825,4.8
"259","World",2021,2021-08-16,4772518809,2468849296,1855653017,11858036,41744052,36017862,60.6,31.35,23.56,0.15,4574,14528231,0.184,7874965732,133280188232825,4.8
"260","World",2021,2021-08-17,4812739410,2484041350,1867481162,12520295,40220601,36075323,61.11,31.54,23.71,0.16,4581,14554834,0.185,7874965732,133280188232825,4.8
"261","World",2021,2021-08-18,4850733270,2497364424,1878342033,13260228,37993860,36097300,61.6,31.71,23.85,0.17,4584,14314084,0.182,7874965732,133280188232825,4.8
"262","World",2021,2021-08-19,4886529133,2509794580,1889349043,13826836,35795863,36236625,62.05,31.87,23.99,0.18,4601,14468399,0.184,7874965732,133280188232825,4.8
"263","World",2021,2021-08-20,4926450757,2526682437,1901969880,14362744,39921624,35944364,62.56,32.08,24.15,0.18,4564,14112976,0.179,7874965732,133280188232825,4.8
"264","World",2021,2021-08-21,4957424171,2538206431,1909086295,14602036,30973414,36052980,62.95,32.23,24.24,0.19,4578,14118037,0.179,7874965732,133280188232825,4.8
"265","World",2021,2021-08-22,4986456528,2546770244,1916977488,14812973,29032357,36525967,63.32,32.34,24.34,0.19,4638,13739918,0.174,7874965732,133280188232825,4.8
"266","World",2021,2021-08-23,5018574193,2555261889,1925294050,15368457,32117665,35150769,63.73,32.45,24.45,0.2,4464,12344656,0.157,7874965732,133280188232825,4.8
"267","World",2021,2021-08-24,5064177219,2571897787,1940001214,15897429,45603026,35919687,64.31,32.66,24.64,0.2,4561,12550920,0.159,7874965732,133280188232825,4.8
"268","World",2021,2021-08-25,5107692323,2588528736,1952361967,16417640,43515104,36708436,64.86,32.87,24.79,0.21,4661,13023473,0.165,7874965732,133280188232825,4.8
"269","World",2021,2021-08-26,5149721582,3053234529,2076642102,16968317,42029259,37598921,65.39,38.77,26.37,0.22,4774,77634278,0.986,7874965732,133280188232825,4.8
"270","World",2021,2021-08-27,5200550237,3073490106,2092082346,17419137,50828655,39157069,66.04,39.03,26.57,0.22,4972,78115381,0.992,7874965732,133280188232825,4.8
"271","World",2021,2021-08-28,5236619455,3086545215,2101220815,17610059,36069218,39885041,66.5,39.19,26.68,0.22,5065,78334112,0.995,7874965732,133280188232825,4.8
"272","World",2021,2021-08-29,5283613961,3105022166,2117550573,17806087,46994506,42451062,67.09,39.43,26.89,0.23,5391,79750275,1.013,7874965732,133280188232825,4.8
"273","World",2021,2021-08-30,5318638162,3117569232,2128226476,18264330,35024201,42866281,67.54,39.59,27.03,0.23,5443,80329620,1.02,7874965732,133280188232825,4.8
"274","World",2021,2021-08-31,5359548268,3132078060,2141461793,19157135,40910106,42195864,68.06,39.77,27.19,0.24,5358,80025753,1.016,7874965732,133280188232825,4.8
"275","World",2021,2021-09-01,5405489570,3154101933,2156321441,19805848,45941302,42542464,68.64,40.05,27.38,0.25,5402,80796171,1.026,7874965732,133280188232825,4.8
"276","World",2021,2021-09-02,5438874431,3167616520,2167752061,20432098,33384861,41307550,69.07,40.22,27.53,0.26,5245,16340284,0.207,7874965732,133280188232825,4.8
"277","World",2021,2021-09-03,5466392062,3177638480,2177288470,20947252,27517631,37977404,69.41,40.35,27.65,0.27,4823,14878339,0.189,7874965732,133280188232825,4.8
"278","World",2021,2021-09-04,5491773708,3185433501,2186522780,21108656,25381646,36450608,69.74,40.45,27.77,0.27,4629,14126898,0.179,7874965732,133280188232825,4.8
"279","World",2021,2021-09-05,5522268912,3197579138,2197584203,21306723,30495204,34093564,70.12,40.6,27.91,0.27,4329,13222425,0.168,7874965732,133280188232825,4.8
"280","World",2021,2021-09-06,5550294276,3231910207,2287617110,21700448,28025364,33093731,70.48,41.04,29.05,0.28,4202,16334425,0.207,7874965732,133280188232825,4.8
"281","World",2021,2021-09-07,5586190398,3249190124,2299678765,22201889,35896122,32377447,70.94,41.26,29.2,0.28,4111,16730295,0.212,7874965732,133280188232825,4.8
"282","World",2021,2021-09-08,5625668484,3267222900,2316918292,22711129,39478086,31454131,71.44,41.49,29.42,0.29,3994,16160138,0.205,7874965732,133280188232825,4.8
"283","World",2021,2021-09-09,5663275267,3290792511,2333241356,23357256,37606783,32057262,71.91,41.79,29.63,0.3,4071,17596570,0.223,7874965732,133280188232825,4.8
"284","World",2021,2021-09-10,5692650243,3303359018,2344762551,23900540,29374976,32322597,72.29,41.95,29.77,0.3,4104,17960077,0.228,7874965732,133280188232825,4.8
"285","World",2021,2021-09-11,5726499594,3316792164,2357187941,24061194,33849351,33532269,72.72,42.12,29.93,0.31,4258,18765523,0.238,7874965732,133280188232825,4.8
"286","World",2021,2021-09-12,5761369629,3332480811,2369250322,24296691,34870035,34157245,73.16,42.32,30.09,0.31,4337,19271668,0.245,7874965732,133280188232825,4.8
"287","World",2021,2021-09-13,5793764042,3347108258,2381361232,24766748,32394413,34781395,73.57,42.5,30.24,0.31,4417,16456864,0.209,7874965732,133280188232825,4.8
"288","World",2021,2021-09-14,5820510455,3357798397,2392725700,25303928,26746413,33474294,73.91,42.64,30.38,0.32,4251,15515468,0.197,7874965732,133280188232825,4.8
"289","World",2021,2021-09-15,5851874702,3371104993,2447405387,25804052,31364247,32315174,74.31,42.81,31.08,0.33,4104,14840299,0.188,7874965732,133280188232825,4.8
"290","World",2021,2021-09-16,5883592417,3385144846,2460366596,26276206,31717715,31473879,74.71,42.99,31.24,0.33,3997,13478905,0.171,7874965732,133280188232825,4.8
"291","World",2021,2021-09-17,5909200678,3395540248,2470828274,26745682,25608261,30935776,75.04,43.12,31.38,0.34,3928,13168747,0.167,7874965732,133280188232825,4.8
"292","World",2021,2021-09-18,5947888031,3423208719,2495366944,26946997,38687353,31626920,75.53,43.47,31.69,0.34,4016,15202365,0.193,7874965732,133280188232825,4.8
"293","World",2021,2021-09-19,5973660275,3434730533,2505842334,27099511,25772244,30327235,75.86,43.62,31.82,0.34,3851,14607103,0.185,7874965732,133280188232825,4.8
"294","World",2021,2021-09-20,6001769798,3447419850,2517513274,27587575,28109523,29715108,76.21,43.78,31.97,0.35,3773,14330227,0.182,7874965732,133280188232825,4.8
"295","World",2021,2021-09-21,6031911145,3462319542,2530402074,28111195,30141347,30200099,76.6,43.97,32.13,0.36,3835,14931592,0.19,7874965732,133280188232825,4.8
"296","World",2021,2021-09-22,6059033443,3474532935,2541033125,28696283,27122298,29594106,76.94,44.12,32.27,0.36,3758,14775420,0.188,7874965732,133280188232825,4.8
"297","World",2021,2021-09-23,6092001367,3488685416,2553667234,29258650,32967924,29772707,77.36,44.3,32.43,0.37,3781,14791510,0.188,7874965732,133280188232825,4.8
"298","World",2021,2021-09-24,6120797234,3501835571,2565089507,30638710,28795867,30228079,77.72,44.47,32.57,0.39,3839,15185046,0.193,7874965732,133280188232825,4.8
"299","World",2021,2021-09-25,6141201218,3510803770,2574059778,31019720,20403984,27616170,77.98,44.58,32.69,0.39,3507,12513579,0.159,7874965732,133280188232825,4.8
"300","World",2021,2021-09-26,6160112419,3518380241,2582741027,31346159,18911201,26636021,78.22,44.68,32.8,0.4,3382,11949958,0.152,7874965732,133280188232825,4.8
"301","World",2021,2021-09-27,6208390046,3544059681,2601623804,32504576,48277627,29517178,78.84,45,33.04,0.41,3748,13805690,0.175,7874965732,133280188232825,4.8
"302","World",2021,2021-09-28,6235508719,3553611595,2637273635,33752066,27118673,29085368,79.18,45.13,33.49,0.43,3693,13041722,0.166,7874965732,133280188232825,4.8
"303","World",2021,2021-09-29,6267049860,3570334774,2648002685,34806109,31541141,29716631,79.58,45.34,33.63,0.44,3774,13685977,0.174,7874965732,133280188232825,4.8
"304","World",2021,2021-09-30,6296734775,3585201125,2660845976,36973608,29684915,29247630,79.96,45.53,33.79,0.47,3714,13787958,0.175,7874965732,133280188232825,4.8
"305","World",2021,2021-10-01,6319308523,3595725704,2670839095,38339161,22573748,28358756,80.25,45.66,33.92,0.49,3601,13412876,0.17,7874965732,133280188232825,4.8
"306","World",2021,2021-10-02,6339807843,3605488280,2679765484,39087995,20499320,28372375,80.51,45.78,34.03,0.5,3603,13526359,0.172,7874965732,133280188232825,4.8
"307","World",2021,2021-10-03,6363058246,3618574577,2689074713,39595439,23250403,28992261,80.8,45.95,34.15,0.5,3682,14313477,0.182,7874965732,133280188232825,4.8
"308","World",2021,2021-10-04,6385633933,3627889146,2700567835,40841824,22575687,25320555,81.09,46.07,34.29,0.52,3215,11975638,0.152,7874965732,133280188232825,4.8
"309","World",2021,2021-10-05,6419482325,3640951021,2717361195,43435162,33848392,26281944,81.52,46.23,34.51,0.55,3337,12477061,0.158,7874965732,133280188232825,4.8
"310","World",2021,2021-10-06,6443076441,3651214954,2728505744,45051120,23594116,25146654,81.82,46.36,34.65,0.57,3193,11554311,0.147,7874965732,133280188232825,4.8
"311","World",2021,2021-10-07,6466743059,3659965371,2740501252,46674512,23666618,24286898,82.12,46.48,34.8,0.59,3084,10680607,0.136,7874965732,133280188232825,4.8
"312","World",2021,2021-10-08,6497638083,3673689426,2755112926,48290157,30895024,25475651,82.51,46.65,34.99,0.61,3235,11137675,0.141,7874965732,133280188232825,4.8
"313","World",2021,2021-10-09,6517948511,3681998673,2764926349,49240793,20310428,25448667,82.77,46.76,35.11,0.63,3232,10930056,0.139,7874965732,133280188232825,4.8
"314","World",2021,2021-10-10,6547427053,3695526917,2778507090,49750994,29478542,26338401,83.14,46.93,35.28,0.63,3345,10993191,0.14,7874965732,133280188232825,4.8
"315","World",2021,2021-10-11,6567269806,3703198522,2788790567,50873709,19842753,25947982,83.39,47.02,35.41,0.65,3295,10758482,0.137,7874965732,133280188232825,4.8
"316","World",2021,2021-10-12,6590210325,3712542090,2799689599,52206550,22940519,24389714,83.69,47.14,35.55,0.66,3097,10227296,0.13,7874965732,133280188232825,4.8
"317","World",2021,2021-10-13,6613229395,3721198658,2809621183,54039822,23019070,24307565,83.98,47.25,35.68,0.69,3087,9997672,0.127,7874965732,133280188232825,4.8
"318","World",2021,2021-10-14,6636058898,3731183473,2819313664,55725322,22829503,24187977,84.27,47.38,35.8,0.71,3072,10174015,0.129,7874965732,133280188232825,4.8
"319","World",2021,2021-10-15,6655456707,3737874212,2828059015,57570001,19397809,22545518,84.51,47.47,35.91,0.73,2863,9169255,0.116,7874965732,133280188232825,4.8
"320","World",2021,2021-10-16,6669859191,3743892097,2833711629,58632180,14402484,21701526,84.7,47.54,35.98,0.74,2756,8841918,0.112,7874965732,133280188232825,4.8
"321","World",2021,2021-10-17,6696419550,3756381889,2844957923,59245609,26560359,21284642,85.03,47.7,36.13,0.75,2703,8693567,0.11,7874965732,133280188232825,4.8
"322","World",2021,2021-10-18,6726276079,3768093765,2858843930,60831743,29856529,22715182,85.41,47.85,36.3,0.77,2884,9270749,0.118,7874965732,133280188232825,4.8
"323","World",2021,2021-10-19,6753694011,3778442890,2871445446,62501619,27417932,23354812,85.76,47.98,36.46,0.79,2966,9414400,0.12,7874965732,133280188232825,4.8
"324","World",2021,2021-10-20,6789658567,3795173963,2885131962,64406497,35964556,25204167,86.22,48.19,36.64,0.82,3201,10567901,0.134,7874965732,133280188232825,4.8
"325","World",2021,2021-10-21,6815786941,3810966741,2896532067,66813096,26128374,25675435,86.55,48.39,36.78,0.85,3260,11397610,0.145,7874965732,133280188232825,4.8
"326","World",2021,2021-10-22,6842552492,3821089147,2908287464,69034731,26765551,26727969,86.89,48.52,36.93,0.88,3394,11887848,0.151,7874965732,133280188232825,4.8
"327","World",2021,2021-10-23,6869265770,3832391295,2939910674,70543772,26713278,28486654,87.23,48.67,37.33,0.9,3617,12642743,0.161,7874965732,133280188232825,4.8
"328","World",2021,2021-10-24,6892943077,3840660073,2951886181,71326118,23677307,28074790,87.53,48.77,37.48,0.91,3565,12039741,0.153,7874965732,133280188232825,4.8
"329","World",2021,2021-10-25,6914325114,3846930943,2960976091,74662458,21382037,26864148,87.8,48.85,37.6,0.95,3411,11262454,0.143,7874965732,133280188232825,4.8
"330","World",2021,2021-10-26,6941189297,3856525615,2972210273,77393543,26864183,26785041,88.14,48.97,37.74,0.98,3401,11154675,0.142,7874965732,133280188232825,4.8
"331","World",2021,2021-10-27,6965262788,3863825863,2981761346,80411031,24073491,25086317,88.45,49.06,37.86,1.02,3186,9807414,0.125,7874965732,133280188232825,4.8
"332","World",2021,2021-10-28,6995908532,3875101542,2994501819,83425050,30645744,25731656,88.84,49.21,38.03,1.06,3268,9162114,0.116,7874965732,133280188232825,4.8
"333","World",2021,2021-10-29,7033242071,3887212336,3015681323,86347615,37333539,27241368,89.31,49.36,38.29,1.1,3459,9446170,0.12,7874965732,133280188232825,4.8
"334","World",2021,2021-10-30,7065264343,3898184389,3029018177,87966306,32022272,27999796,89.72,49.5,38.46,1.12,3556,9399013,0.119,7874965732,133280188232825,4.8
"335","World",2021,2021-10-31,7098541822,3906942229,3045918545,88754673,33277479,29371249,90.14,49.61,38.68,1.13,3730,9468879,0.12,7874965732,133280188232825,4.8
"336","World",2021,2021-11-01,7123694104,3914913172,3055590621,90523679,25152282,29909856,90.46,49.71,38.8,1.15,3798,9711747,0.123,7874965732,133280188232825,4.8
"337","World",2021,2021-11-02,7149853574,3921360740,3064557799,93021104,26159470,29809182,90.79,49.8,38.92,1.18,3785,9262161,0.118,7874965732,133280188232825,4.8
"338","World",2021,2021-11-03,7178966954,3928764875,3073966827,96276397,29113380,30529167,91.16,49.89,39.03,1.22,3877,9277002,0.118,7874965732,133280188232825,4.8
"339","World",2021,2021-11-04,7211711397,3938072171,3083722045,99267991,32744443,30828981,91.58,50.01,39.16,1.26,3915,8995804,0.114,7874965732,133280188232825,4.8
"340","World",2021,2021-11-05,7245184126,3948211608,3097215150,140421337,33472729,30277436,92,50.14,39.33,1.78,3845,8714182,0.111,7874965732,133280188232825,4.8
"341","World",2021,2021-11-06,7272833713,3954648467,3104032101,142057754,27649587,29652767,92.35,50.22,39.42,1.8,3765,8066297,0.102,7874965732,133280188232825,4.8
"342","World",2021,2021-11-07,7301024845,3962491287,3112709395,143148538,28191132,28926146,92.71,50.32,39.53,1.82,3673,7935580,0.101,7874965732,133280188232825,4.8
"343","World",2021,2021-11-08,7329863170,3969444466,3121488919,146282533,28838325,29452724,93.08,50.41,39.64,1.86,3740,7790185,0.099,7874965732,133280188232825,4.8
"344","World",2021,2021-11-09,7363750955,3978510240,3132740682,149802818,33887785,30556769,93.51,50.52,39.78,1.9,3880,8164214,0.104,7874965732,133280188232825,4.8
"345","World",2021,2021-11-10,7403096552,3990971550,3144869026,153344971,39345597,32018514,94.01,50.68,39.94,1.95,4066,8886668,0.113,7874965732,133280188232825,4.8
"346","World",2021,2021-11-11,7437097317,4007865760,3157706160,157105505,34000765,32197989,94.44,50.89,40.1,1.99,4089,9970513,0.127,7874965732,133280188232825,4.8
"347","World",2021,2021-11-12,7470215215,4015456970,3171319379,172040963,33117898,32147298,94.86,50.99,40.27,2.18,4082,9606480,0.122,7874965732,133280188232825,4.8
"348","World",2021,2021-11-13,7503971692,4023764735,3184533963,174085160,33756477,33019711,95.29,51.1,40.44,2.21,4193,9873753,0.125,7874965732,133280188232825,4.8
"349","World",2021,2021-11-14,7531077631,4032397592,3195317411,175461882,27105939,32864684,95.63,51.21,40.58,2.23,4173,9986615,0.127,7874965732,133280188232825,4.8
"350","World",2021,2021-11-15,7557884685,4038117062,3203826027,179259875,26807054,32574502,95.97,51.28,40.68,2.28,4136,9810371,0.125,7874965732,133280188232825,4.8
"351","World",2021,2021-11-16,7585232862,4044115814,3212797239,182798124,27348177,31640272,96.32,51.35,40.8,2.32,4018,9372225,0.119,7874965732,133280188232825,4.8
"352","World",2021,2021-11-17,7617913963,4051764761,3224510016,186992136,32681101,30688202,96.74,51.45,40.95,2.37,3897,8684744,0.11,7874965732,133280188232825,4.8
"353","World",2021,2021-11-18,7649040002,4059614959,3237881008,191266948,31126039,30277526,97.13,51.55,41.12,2.43,3845,7392743,0.094,7874965732,133280188232825,4.8
"354","World",2021,2021-11-19,7682042740,4192770996,3250372797,211722700,33002738,30261075,97.55,53.24,41.27,2.69,3843,25330575,0.322,7874965732,133280188232825,4.8
"355","World",2021,2021-11-20,7717365942,4202779750,3263337718,214101121,35323202,30484893,98,53.37,41.44,2.72,3871,25573574,0.325,7874965732,133280188232825,4.8
"356","World",2021,2021-11-21,7744521967,4209068828,3273236947,216254194,27156025,30492048,98.34,53.45,41.57,2.75,3872,25238748,0.32,7874965732,133280188232825,4.8
"357","World",2021,2021-11-22,7774111123,4216680486,3284155956,220713299,29589156,30889491,98.72,53.55,41.7,2.8,3922,25509061,0.324,7874965732,133280188232825,4.8
"358","World",2021,2021-11-23,7806064280,4224471192,3294854928,225148062,31953157,31547345,99.13,53.64,41.84,2.86,4006,25765054,0.327,7874965732,133280188232825,4.8
"359","World",2021,2021-11-24,7843555194,4236381807,3308157002,229449498,37490914,32234462,99.6,53.8,42.01,2.91,4093,26373864,0.335,7874965732,133280188232825,4.8
"360","World",2021,2021-11-25,7872713809,4243338873,3317045429,233887554,29158615,31953401,99.97,53.88,42.12,2.97,4058,26246273,0.333,7874965732,133280188232825,4.8
"361","World",2021,2021-11-26,7908328890,4251587667,3329277498,238310303,35615081,32326593,100.42,53.99,42.28,3.03,4105,8402382,0.107,7874965732,133280188232825,4.8
"362","World",2021,2021-11-27,7938782760,4258784113,3337877601,242055054,30453870,31630974,100.81,54.08,42.39,3.07,4017,8000623,0.102,7874965732,133280188232825,4.8
"363","World",2021,2021-11-28,7977535438,4268113697,3351574093,244210694,38752678,33287639,101.3,54.2,42.56,3.1,4227,8434981,0.107,7874965732,133280188232825,4.8
"364","World",2021,2021-11-29,8010495871,4278352986,3395269821,248426071,32960433,33769250,101.72,54.33,43.11,3.15,4288,8810357,0.112,7874965732,133280188232825,4.8
"365","World",2021,2021-11-30,8050837320,4287455848,3408700958,254084861,40341449,34967577,102.23,54.44,43.29,3.23,4440,8997808,0.114,7874965732,133280188232825,4.8
"366","World",2021,2021-12-01,8093833112,4298267502,3422161951,260181837,42995792,35753988,102.78,54.58,43.46,3.3,4540,8840814,0.112,7874965732,133280188232825,4.8
"367","World",2021,2021-12-02,8134604558,4323606897,3469522380,266331813,40771446,37412964,103.3,54.9,44.06,3.38,4751,11466861,0.146,7874965732,133280188232825,4.8
"368","World",2021,2021-12-03,8166193800,4329846042,3493272366,303949881,31589242,36837844,103.7,54.98,44.36,3.86,4678,11179768,0.142,7874965732,133280188232825,4.8
"369","World",2021,2021-12-04,8204637647,4338944067,3506995168,308611780,38443847,37979270,104.19,55.1,44.53,3.92,4823,11451422,0.145,7874965732,133280188232825,4.8
"370","World",2021,2021-12-05,8235240649,4345944814,3516499691,311273219,30603002,36815030,104.57,55.19,44.65,3.95,4675,11118731,0.141,7874965732,133280188232825,4.8
"371","World",2021,2021-12-06,8264393782,4353921880,3525497324,316885525,29153133,36271130,104.95,55.29,44.77,4.02,4606,10795556,0.137,7874965732,133280188232825,4.8
"372","World",2021,2021-12-07,8294146773,4359640798,3535083007,322738982,29752991,34758493,105.32,55.36,44.89,4.1,4414,10312136,0.131,7874965732,133280188232825,4.8
"373","World",2021,2021-12-08,8331134886,4368765119,3548976689,329165181,36988113,33900253,105.79,55.48,45.07,4.18,4305,10071088,0.128,7874965732,133280188232825,4.8
"374","World",2021,2021-12-09,8370557104,4379701947,3565091775,336670876,39422218,33707507,106.29,55.62,45.27,4.28,4280,8013579,0.102,7874965732,133280188232825,4.8
"375","World",2021,2021-12-10,8420733544,4404024753,3610962762,368138002,50176440,36362821,106.93,55.92,45.85,4.67,4618,10596959,0.135,7874965732,133280188232825,4.8
"376","World",2021,2021-12-11,8465262955,4414705501,3627837208,373747775,44529411,37232187,107.5,56.06,46.07,4.75,4728,10823062,0.137,7874965732,133280188232825,4.8
"377","World",2021,2021-12-12,8495850440,4424293784,3641434173,379327536,30587485,37229970,107.88,56.18,46.24,4.82,4728,11192710,0.142,7874965732,133280188232825,4.8
"378","World",2021,2021-12-13,8525378063,4428524740,3650151838,385990983,29527623,37283469,108.26,56.24,46.35,4.9,4734,10657551,0.135,7874965732,133280188232825,4.8
"379","World",2021,2021-12-14,8568908482,4437759103,3664801646,395845575,43530419,39251673,108.81,56.35,46.54,5.03,4984,11159758,0.142,7874965732,133280188232825,4.8
"380","World",2021,2021-12-15,8610465788,4446723524,3676836479,404123125,41557306,39904415,109.34,56.47,46.69,5.13,5067,11136915,0.141,7874965732,133280188232825,4.8
"381","World",2021,2021-12-16,8642678564,4451226260,3684225996,412785918,32212776,38874494,109.75,56.52,46.78,5.24,4936,10217759,0.13,7874965732,133280188232825,4.8
"382","World",2021,2021-12-17,8686437340,4459823801,3721290507,421521462,43758776,37957685,110.3,56.63,47.25,5.35,4820,7971293,0.101,7874965732,133280188232825,4.8
"383","World",2021,2021-12-18,8720297456,4472421095,3730578440,430674561,33860116,36433500,110.73,56.79,47.37,5.47,4626,8245085,0.105,7874965732,133280188232825,4.8
"384","World",2021,2021-12-19,8751268123,4477349316,3745100984,436955441,30970667,36488240,111.13,56.86,47.56,5.55,4633,7579362,0.096,7874965732,133280188232825,4.8
"385","World",2021,2021-12-20,8787828438,4483705819,3757416403,444159389,36560315,37492911,111.59,56.94,47.71,5.64,4761,7883011,0.1,7874965732,133280188232825,4.8
"386","World",2021,2021-12-21,8806100479,4488121640,3766763086,448506134,18272041,33884571,111.82,56.99,47.83,5.7,4303,7194648,0.091,7874965732,133280188232825,4.8
